spectrum_id,B0_G,dB_G,p,g_factor,mwFreq_GHz,rmsd,status
1,3355.28483116486,30.9680970614684,1.2983713591872,2.00149938807098,9.399319,5714.11232844249,OK
2,3347.98801475133,24.3798537768621,1.28487934915851,2.00574442283767,9.39877,4183.98725081629,OK
3,3350.45137551228,26.9135597371373,1.11546893477556,2.00672699206016,9.410293,3466.44346455736,OK
4,3355.12551075553,25.4210182865684,1.25140820499031,2.00150073218389,9.398879,12932.5428955819,OK
5,3354.74994233901,20.8835819839434,1.09984879575748,2.00150011421109,9.397824,13298.4126746532,OK
6,3347.7359279661,16.4680645725047,1.06834071428124,2.00562462542743,9.397501,14265.7476364121,OK
