spectrum_id,B0_G,dB_G,p,g_factor,mwFreq_GHz,rmsd,status
1,3338.96103311413,30.2132569774763,1.20035721048894,2.01128448933017,9.399319,5052.04691540635,OK
2,3381.89497404729,24.2313860775042,1.22839758193406,1.98563478163794,9.39877,4782.24103270528,OK
3,3334.73462425426,24.4653282210863,0.999648541375525,2.01618478481751,9.410293,2589.52823492085,OK
4,3338.51251411617,25.1385715590725,1.1978366971036,2.01146053457997,9.398879,12033.362736373,OK
5,3337.93126722562,21.0596347311704,1.03673151976287,2.01158497739892,9.397824,7170.54556081927,OK
6,3331.04821988779,16.8762931160649,1.02001374261616,2.01567229692734,9.397501,6932.97298313979,OK
